id,date,texte
1,2026-02-15,"Franchement super produit, la qualité est au rendez-vous. Par contre la livraison a pris 5 jours au lieu de 2."
2,2026-02-16,"RAS"
3,2026-02-16,"Le pire achat de ma vie. Le site bugge au moment du paiement, et quand je reçois enfin le colis, il manque un câble. Service client injoignable."
4,2026-02-17,"Super la livraison qui balance le colis par dessus le portail sous la pluie 👍"
5,2026-02-18,"Excellent rapport qualité prix ! Je recommande fortement."
6,2026-02-18,"L'application mobile est une catastrophe, elle crash sans arrêt. Mais la montre en elle-même est très belle."
7,2026-02-19,"C'est ok."
8,2026-02-20,"J'adore la couleur et la matière du t-shirt. Taille un peu petit cependant."
9,2026-02-21,"Remboursement rapide après une erreur de commande. Équipe très pro."
10,2026-02-22,"Le prix est vraiment excessif pour ce bout de plastique..."
11,2026-02-23,"J'ai commandé le modèle bleu, j'ai reçu le rouge. Bravo la logistique, changez rien surtout."
12,2026-02-24,"Le son de l'enceinte est époustouflant, les basses sont profondes. Par contre l'autonomie est ridicule, à peine 3h."
13,2026-02-24,"Livré en 24h chrono, emballage soigné, rien à dire."
14,2026-02-25,"Je n'arrive pas à me connecter à mon compte, le bouton mot de passe oublié ne marche pas. Bloqué depuis 3 jours."
15,2026-02-26,"Matériaux de très bonne facture, on sent que c'est du premium. Le packaging est magnifique."
16,2026-02-26,"Nul."
17,2026-02-27,"Très mitigé. L'installation est super facile, mais le guide d'utilisation est uniquement en chinois. Faut deviner le reste."
18,2026-02-28,"Le livreur m'a appelé pour prévenir de son arrivée, super sympa. Le meuble est monté, il rend super bien dans le salon."
19,2026-03-01,"A fuir absolument ! Produit défectueux, retour à mes frais (scandaleux), et ça fait 3 semaines que j'attends mon argent."
20,2026-03-01,"Un peu cher mais le jeu en vaut la chandelle."
21,2026-03-02,"La batterie chauffe énormément quand on joue, ça fait presque peur. Sinon l'écran OLED est sublime."
22,2026-03-02,"parfait merci"
23,2026-03-03,"On m'a facturé deux fois la commande !!! Impossible d'avoir quelqu'un au téléphone, je tombe sur un robot !!!"
24,2026-03-03,"Les finitions laissent à désirer (coutures qui dépassent), mais vu le tarif promotionnel je m'en contenterai."
25,2026-03-03,"Expérience incroyable du début à la fin. Le site est fluide, choix immense, livraison nickel, produit conforme. 5 étoiles."